index,dba,make,make_slug,model,model_slug,light_type,spectrum_type,spectrum_description,PPF,efficacy_umol_joule,Hz_low,Hz_high,VAC_low,VAC_high,max_Watts,flowering_footprint_length_ft,flowering_footprint_width_ft,veg_footprint_length_ft,veg_footprint_width_ft,flowering_mounting_height_min_inches,flowering_mounting_height_max_inches,veg_mounting_height_min_inches,veg_mounting_height_max_inches,veg_intensity_pct_min,veg_intensity_pct_max,flower_intensity_pct_min,flower_intensity_pct_max,Thermal Management,max_ambient_temperature_c,max_ambient_temperature_f,dimmable,dimming_options,dimensions_length_inches,dimensions_width_inches,dimensions_height_inches,weight_lb,lifespan_hours,Warranty_years,Certifications,price,pdf,img,url
L-0001,HLG,Horticulture Lighting Group,horticulture_lighting_group,HLG 750 FS,hlg-750-fs,LED,Full,Full Spectrum (FS),1906,2.74,50,60,120,277,730,5,5,6,6,15,24,36,36,,,,,Passive-Cooled,40,104,TRUE,"0-10V Dimmable, RJ11 Straight, Wireless",37.5,27.125,3.75,20.25,,5,"UL 8800, UL 1598, CSA",999,hlg-750-fs.pdf,hlg-750-fs.png,https://horticulturelightinggroup.com/collections/lamps/products/hlg-750-fs
L-0002,HLG,Horticulture Lighting Group,horticulture_lighting_group,HLG 750 Diablo ES,hlg-750-diablo-es,LED,Full,Enhanced Spectrum (ES),2089,2.86,50,60,120,277,730,5,5,6,6,15,24,36,36,,,,,Passive-Cooled,40,104,TRUE,"0-10V Dimmable, RJ11 Straight, Wireless",37.5,27.125,3.75,20.25,,5,"UL 8800, UL 1598, Certified to CSA Std C22.2#250.0",999,hlg-750-diablo-es.pdf,hlg-750-diablo-es.png,https://horticulturelightinggroup.com/collections/lamps/products/hlg-750-diablo-es
L-0003,HLG,Horticulture Lighting Group,horticulture_lighting_group,HLG 750 Diablo X,hlg-750-diablo-x,LED,Full,Plant-centric White spectrum with Deep Red. Red:Green:Blue ratio of 48:32:20,2105,2.95,50,60,120,277,715,5,5,6,6,15,24,36,36,,,,,Passive-Cooled,40,104,TRUE,"0-10V Dimmable, RJ11 Straight, Wireless",37.5,27.125,3.75,20.25,,5,"UL 8800, UL 1598, Certified to CSA Std C22.2#250.0",999,hlg-750-diablo-x.pdf,hlg-750-diablo-x.png,https://horticulturelightinggroup.com/collections/lamps/products/hlg-750-diablo-x
L-0004,HLG,Horticulture Lighting Group,horticulture_lighting_group,HLG 225 Diablo X,hlg-225-diablo-x,LED,Full,White and Deep Red,630,2.8,,,90,277,225,3,3,4,4,,,,,,,,,Passive-Cooled,,,TRUE,Manual Dimming 10% - 100% Intensity,26,10,2.75,,,1,,299,hlg-225-diablo-x.pdf,hlg-225-diablo-x.png,https://horticulturelightinggroup.com/collections/lamps/products/hlg-225-diablo-x
L-0005,HLG,Horticulture Lighting Group,horticulture_lighting_group,HLG 750 Diablo,hlg-750-diablo,LED,Full,Plant-centric White spectrum with Deep Red. Red:Green:Blue ratio of 42:37:21,,2.86,50,60,120,277,730,5,5,6,6,15,24,36,36,,,,,Passive-Cooled,40,104,TRUE,"0-10V Dimmable, RJ11 Straight, Wireless",37.5,27.125,3.75,20.25,,5,"	UL 8800, UL 1598, CSA",999,hlg-750-diablo.pdf,hlg-750-diablo.png,https://horticulturelightinggroup.com/collections/lamps/products/hlg-750-diablo
L-0006,HLG,Horticulture Lighting Group,horticulture_lighting_group,HLG 350 Diablo,hlg-350r,LED,Full,White and Deep Red,950,2.8,50,60,120,277,330,3,5,5,5,15,15,24,24,,,,,Passive-Cooled,40,104,TRUE,"0-10V Dimmable, RJ11 Straight, Wireless",35,9.5,3.25,10,,5,"UL 8800, UL 1598, CSA, DLC",549,hlg-350r.pdf,hlg-350r.png,https://horticulturelightinggroup.com/products/hlg-350r
L-0007,HLG,Horticulture Lighting Group,horticulture_lighting_group,HLG 100 Rspec®,hlg-100-rspec,LED,Full,176 Samsung LM301H LED’s & 4 LH351H V2 Deep Red 660nm,220,2.41,50,60,90,264,95,2,2,3,3,12,18,18,24,,,,,Passive-Cooled,,,FALSE,,12.75,11,2.5,3,,3,,149,hlg-100-rspec.pdf,hlg-100-rspec.png,https://horticulturelightinggroup.com/products/hlg-100-rspec
L-0008,HLG,Horticulture Lighting Group,horticulture_lighting_group,HLG 65 V2,hlg-65,LED,White,120 Samsung LM301H LEDs,152,2.35,50,60,90,264,65,,,2,2,,,12,18,,,,,Passive-Cooled,,,FALSE,,11,9.5,2,1.75,,3,,99,hlg-65.pdf,hlg-65.img,https://horticulturelightinggroup.com/products/hlg-65
L-0009,Grower's Choice,Grower's Choice Horticultural Lighting,growers_choice_horticultural_lighting,AG-140HW,ag140-full-phase,LED,Full,"LED Full Spectrum available in 3K or 
red-enhanced spectrum options",420,3,,,277,480,140,,,,,,,,,,,,,,,,FALSE,,44.4,3.55,3.21,4.85,50000,5,IP66,250,ag140-full-phase.pdf,ag140-full-phase.png,https://www.growersc.com/product/ag140-full-phase
L-0010,Grower's Choice,Grower's Choice Horticultural Lighting,growers_choice_horticultural_lighting,AG-140HR,ag140-red-enhanced,LED,R80,"LED R80 available in 3K or 
red-enhanced spectrum options",455,3.25,,,277,480,140,,,,,,,,,,,,,,,,TRUE,0-10V,44.4,3.55,3.21,4.85,50000,5,IP66,260,ag140-red-enhanced.pdf,ag140-red-enhanced.png,https://www.growersc.com/product/ag140-red-enhanced
L-0011,Grower's Choice,Grower's Choice Horticultural Lighting,growers_choice_horticultural_lighting,PFS-Series,pfs-series,LED,Full,GC-3K Full Phase,100,2.5,,,277,480,40,,,,,,,,,,,,,Passive-Cooled,,,,,47.2,5.1,1.5,2.2,54000,3,"IP65, ETL, CE",460,pfs-series.pdf,pfs-series.png,https://www.growersc.com/product/pfs-series-led-grow-light
L-0012,Grower's Choice,Grower's Choice Horticultural Lighting,growers_choice_horticultural_lighting,ROI-F720,roi-f720,LED,Full,Full Phase,2160,3,,,208,277,720,,,,,6,20,24,36,50,75,80,100,,40,104,TRUE,0-10V,42.4,41.3,2.05,14.33,50000,5,,1099,roi-f720.pdf,roi-f720.png,https://www.growersc.com/product/roi-f720
L-0013,Grower's Choice,Grower's Choice Horticultural Lighting,growers_choice_horticultural_lighting,ROI-FF,roi-ff,LED,Full,GC-3K Full Phase,1950,3,,,108,480,650,,,,,6,24,,,,,,,Passive,40,104,TRUE,0-10V,45,44,4.2,22,54000,5,"IP65, ETL, CE, DLC",1099,roi-ff.pdf,roi-ff.png,https://www.growersc.com/product/roi-ff
L-0014,Grower's Choice,Grower's Choice Horticultural Lighting,growers_choice_horticultural_lighting,ROI-FV,roi-fv,LED,Full,GC-5KF,928,2.9,,,277,480,320,,,,,,,,,,,,,,40,104,TRUE,0-10V & Step Dimming,45,22,4.2,20,54000,5,"IP65, ETL, CE, DLC",699,roi-fv.pdf,roi-fv.png,https://www.growersc.com/product/roi-fv
L-0015,Grower's Choice,Grower's Choice Horticultural Lighting,growers_choice_horticultural_lighting,TSL-800,tsl-800,LED,Full,GC-3KF Bloom Phase,2400,3,,,220,220,800,,,,,48,60,,,,,75,100,Passive,40,104,TRUE,0-10V & Step Dimming,21.2,16.1,11,32,36000,5,"UL, CE, DLC",1199,tsl-800.pdf,tsl-800.png,https://www.growersc.com/product/tsl-800
L-0016,Gavita,Gavita Horticultural Lighting,gavita_horticultural_lighting,LED Clone Bar,gavita-clone-bar,LED,Full,LIGHT DISTRIBUTION: 120°,,,,60,120,277,18,,,,,,,,,,,,,,40,104,FALSE,,44.09,1.15,1.46,0.835,,5,Conforms to ANSI/UL STD 1598. Certified to CSA STD C22.2 No. 250.0. Conforms to ANSI/CAN/UL STD 8800. cETLus Listed.,80,gavita-clone-bar.pdf,gavita-clone-bar.png,https://gavita.com/products/gavita-clone-bar
L-0017,Gavita,Gavita Horticultural Lighting,gavita_horticultural_lighting,CT 2000e,gavita-ct-2000-led,LED,Full,"LIGHTING SCHEME: Horizontal, Top Light use, Sole 
source or supplemental lighting",,,50,60,208,480,650,,,,,,,,,,,,,,40,104,TRUE,"0-10V Dim of Off. Power Monitoring with the
Gavita EL3 Master Controller",24.6,12.1,5.3,34.5,,5,Conforms to ANSI/CAN/UL STD 8800 Conforms to ANSI/UL STD 1598 Conforms to ANSI/UL STD 8750 Certified to CSA STD C22.2 No. 250.0 Certified to CSA STD C22.2 No. 250.13,900,gavita-ct-2000-led.pdf,gavita-ct-2000-led.png,https://gavita.com/products/gavita-ct-2000-led
L-0018,Gavita,Gavita Horticultural Lighting,gavita_horticultural_lighting,Pro RS 2400e LED,pro-rs-2400e-led,LED,Full,"LIGHTING SCHEME: Horizontal, Top Light use, Sole 
source or supplemental lighting",,,50,60,208,480,750,,,,,,,,,,,,,,40,104,TRUE,"0-10V Dim of Off. Power Monitoring with the
Gavita EL3 Master Controller",44.8,43.25,3.3,33.6,,5,Conforms to ANSI/UL STD 1598. Certified to CSA STD C22.2 No. 250.0. Conforms to ANSI/CAN/UL STD 8800. Conforms to ANSI/UL STD 8750 Certified to CSA STD C22.2 No. 250.13,900,pro-rs-2400e-led.pdf,pro-rs-2400e-led.png,https://gavita.com/products/pro-rs-2400e-led
L-0019,Gavita,Gavita Horticultural Lighting,gavita_horticultural_lighting,RS 1900e,gavita-rs-1900e-led,LED,Full,,,,50,60,208,480,650,,,,,,,,,,,,,,40,104,TRUE,0-10V Dimmable,44.8,43.25,3.3,29.8,,5,Conforms to ANSI/UL STD 1598. Certified to CSA STD C22.2 No. 250.0. Conforms to ANSI/CAN/UL STD 8800. Conforms to ANSI/UL STD 8750 Certified to CSA STD C22.2 No. 250.14,600,gavita-rs-1900e-led.pdf,gavita-rs-1900e-led.png,https://gavita.com/products/gavita-rs-1900e-led
L-0020,Gavita,Gavita Horticultural Lighting,gavita_horticultural_lighting,Under Canopy 150W LED,gavita-under-canopy-150w-led,LED,Full,LIGHT DISTRIBUTION: 155°,,,50,60,120,277,150,,,,,,,,,,,,,,40,104,TRUE,"0-10V IEC60929 Annex E, RJ12, Dim to Off",44.8,43.25,3.3,33.6,,5,Conforms to ANSI/UL STD 1598. Certified to CSA STD C22.2 No. 250.0. Conforms to ANSI/CAN/UL STD 8800.,160,gavita-under-canopy-150w-led.pdf,gavita-under-canopy-150w-led.png,https://gavita.com/products/gavita-under-canopy-150w-led
L-0021,AC Infinity,AC Infinity Inc.,ac_infinity_inc,IONFRAME EVO3,ionframe-evo3,LED,Full,"Samsung LM301H EVO (395nm, 660nm, 730nm, 3000K, 5000K)",1745,3.14,50,60,100,277,280,3,5,2,4,,,,,,,,,Passive-Cooled,60,140,TRUE,Digital Dimming Timer,16.14,32.67,3.03,,50000,,IP65 ETL Cert. 5021417,300,ionframe-evo3.pdf,ionframe-evo3.png,https://acinfinity.com/ionframe-evo3-grow-light-280w-full-spectrum-led-2x4-coverage
L-0022,AC Infinity,AC Infinity Inc.,ac_infinity_inc,IONFRAME EVO4,ionframe-evo4,LED,Full,"Samsung LM301H EVO (395nm, 660nm, 730nm, 3000K, 5000K)",1819,3.14,50,60,100,277,300,3,3,4,4,,,,,,,,,Passive-Cooled,60,140,TRUE,Digital Dimming Timer,20.47,22.83,2.99,,50000,,IP65 ETL Cert. 5021417,360,ionframe-evo4.pdf,ionframe-evo4.png,https://acinfinity.com/ionframe-evo4-grow-light-300w-full-spectrum-led-3x3-coverage
L-0023,AC Infinity,AC Infinity Inc.,ac_infinity_inc,IONFRAME EVO6,ionframe-evo6,LED,Full,"Samsung LM301H EVO (395nm, 660nm, 730nm, 3000K, 5000K)",1991,3.14,50,60,100,277,500,4,4,5,5,,,,,,,,,Passive-Cooled,60,140,TRUE,Digital Dimming Timer,32.28,32.67,3.38,,50000,,IP65 ETL Cert. 5021417,580,ionframe-evo6.pdf,ionframe-evo6.png,https://acinfinity.com/ionframe-evo6-grow-light-500w-full-spectrum-led-4x4-coverage
L-0024,AC Infinity,AC Infinity Inc.,ac_infinity_inc,IONFRAME A7,ionframe-a7,LED,Full,"Proprietary ACI Diodes (660nm, 3000K, 5000K)",2951,2.8,50,60,100,277,700,4,5,,,,,,,,,,,,60,140,FALSE,,42.91,4.21,3.74,,50000,,IP67,500,ionframe-a7.pdf,ionframe-a7.png,https://acinfinity.com/ionframe-a7-grow-light-700w-full-spectrum-led-4x5-coverage/
L-0025,AC Infinity,AC Infinity Inc.,ac_infinity_inc,IONFRAME EVO8,ionframe-evo8,LED,Full,"Samsung LM301H EVO (395nm, 660nm, 730nm, 3000K, 5000K)",2013,3.14,50,60,100,277,730,5,5,6,6,,,,,,,,,,60,140,TRUE,"Programmed with schedule controls, sunrise/sunset dimming, and 10 brightness levels; UIS™ platform-compatible for WiFi app control",44.09,44.48,3.38,,50000,,IP65,800,ionframe-evo8.pdf,ionframe-evo8.png,https://acinfinity.com/ionframe-evo8-grow-light-730w-full-spectrum-led-5x5-coverage/
L-0026,AC Infinity,AC Infinity Inc.,ac_infinity_inc,IONFRAME EVO10,ionframe-evo10,LED,Full,"Samsung LM301H EVO (395nm, 660nm, 730nm, 3000K, 5000K)",2146,3.14,50,60,100,277,1000,6,6,7,7,,,,,,,,,Passive-Cooled Design,60,140,TRUE,"Programmed with schedule controls, sunrise/sunset dimming, and 10 brightness levels; UIS™ platform-compatible for WiFi app control",44.09,44.48,3.38,,50000,,IP65,1000,ionframe-evo10.pdf,ionframe-evo10.png,https://acinfinity.com/ionframe-evo10-grow-light-1000w-full-spectrum-led-5x5-coverage
L-0027,AC Infinity,AC Infinity Inc.,ac_infinity_inc,IONBOARD S22,ionboard-s22,LED,Full,"Samsung LM301H (660nm, 730nm, 3000K, 6500K)",1098,,50,60,100,277,115,2,2,,,,,,,,,,,,60,140,TRUE,Digital Dimming Timer,11.81,11.81,,,50000,,IP65,120,ionboard-s22.pdf,ionboard-s22.png,https://acinfinity.com/ionboard-s22-grow-light-board-115w-full-spectrum-led-2x2-coverage/
L-0028,AC Infinity,AC Infinity Inc.,ac_infinity_inc,IONBOARD S24,ionboard-s24,LED,Full,"Samsung LM301H (660nm, 730nm, 3000K, 6500K)",1726,,50,60,100,277,220,2,4,,,,,,,,,,,,60,140,TRUE,Digital Dimming Timer,11.81,23.62,,,50000,,IP65,240,ionboard-s24.pdf,ionboard-s24.png,https://acinfinity.com/ionboard-s24-grow-light-board-220w-full-spectrum-led-2x4-coverage/
L-0029,AC Infinity,AC Infinity Inc.,ac_infinity_inc,IONBOARD S33,ionboard-s33,LED,Full,"Samsung LM301H (660nm, 730nm, 3000K, 6500K)",1788,,50,60,100,277,260,3,3,,,,,,,,,,,,60,140,TRUE,Digital Dimming Timer,18.5,18.5,,,50000,,IP65,260,ionboard-s33.pdf,ionboard-s33.png,https://acinfinity.com/ionboard-s33-grow-light-board-260w-full-spectrum-led-3x3-coverage/
L-0030,AC Infinity,AC Infinity Inc.,ac_infinity_inc,IONBOARD S44,ionboard-s44,LED,Full,"Samsung LM301H (660nm, 730nm, 3000K, 6500K)",2034,,50,60,100,277,430,4,4,,,,,,,,,,,,60,140,TRUE,Digital Dimming Timer,23.62,23.62,,,50000,,IP65,380,ionboard-s44.pdf,ionboard-s44.png,https://acinfinity.com/ionboard-s44-grow-light-board-430w-full-spectrum-led-4x4-coverage/
L-0031,AC Infinity,AC Infinity Inc.,ac_infinity_inc,IONGRID T24,iongrid-t24,LED,Full,"Samsung LM301H (660nm, 730nm, 3000K, 5000K)",1728,,50,60,100,277,260,2,4,,,,,,,,,,,,40,104,TRUE,"Digital controller with daisy-chaining ports featuring PWM dimming, timers, cycles, and backup memory",28.89,12.99,,,50000,,IP65,360,iongrid-t24.pdf,iongrid-t24.png,https://acinfinity.com/iongrid-t24-grow-light-260w-full-spectrum-led-2x4-coverage/
L-0032,AC Infinity,AC Infinity Inc.,ac_infinity_inc,IONBEAM S16,ionbeam-s16,LED,Full,"Samsung LM301H EVO (3000K, 5000K)",,,50,60,100,240,42,,,,,,,,,,,,,,60,140,TRUE,Dimming Schedule Controller,15.98,1.12,,,50000,,IP65,90,ionbeam-s16.pdf,ionbeam-s16.png,https://acinfinity.com/ionbeam-s16-supplemental-grow-light-bars-16-full-spectrum-led/
L-0033,AC Infinity,AC Infinity Inc.,ac_infinity_inc,IONBEAM U2,ionbeam-u2,LED,Full,"365nm, 395nm",,,50,60,100,240,15,,,,,,,,,,,,,,60,140,TRUE,Dimming Schedule Controller,10.98,1.08,,,50000,,IP65,60,ionbeam-u2.pdf,ionbeam-u2.png,https://acinfinity.com/ionbeam-u2-supplemental-grow-light-bars-11-targeted-uv-spectrum-led-2-bar-kit/
L-0034,AC Infinity,AC Infinity Inc.,ac_infinity_inc,IONBEAM U4,ionbeam-u4,LED,Full,"365nm, 395nm",,,50,60,100,240,30,,,,,,,,,,,,,,60,140,TRUE,Dimming Schedule Controller,10.98,1.08,,,50000,,IP65,90,ionbeam-u4.pdf,ionbeam-u4.png,https://acinfinity.com/ionbeam-u4-supplemental-grow-light-bars-11-targeted-uv-spectrum-led-4-bar-kit/
L-0035,AC Infinity,AC Infinity Inc.,ac_infinity_inc,IONBEAM S11,ionbeam-s11,LED,Full,"Samsung LM301H EVO (3000K, 5000K)",,,50,60,100,240,30,,,,,,,,,,,,,,60,140,TRUE,Dimming Schedule Controller,10.98,1.08,,,50000,,IP65,80,ionbeam-s11.pdf,ionbeam-s11.png,https://acinfinity.com/ionbeam-s11-supplemental-grow-light-bars-11-full-spectrum-led/
L-0036,Mammoth,Mammoth Lighting,mammoth_lighting,4-Bar,4-bar,LED,Fixed,Nova Sun + Emerald Green + Dual Red + Triple Blue,891,,,,120,240,330,3,3,4,4,,,,,,,,,,,,TRUE,0-10v / 1 Knob + RJ12,34,34,4,19,,,,450,2026_Spec_Sheet.pdf,4-bar.png,https://mammothlighting.com/products/nova-sun-series-with-emerald-green-red-terp-boost-spectrum?variant=51236798234855
L-0037,Mammoth,Mammoth Lighting,mammoth_lighting,10-Bar Spec Tuning with UV,10-bar,LED,Fixed,Spectrum Tuning + UV,,,,,,,930,,,,,,,,,,,,,,,,TRUE,3 Manual Dimmers + RJ45 port,55,44,4,34,10000,,,1200,2026_Spec_Sheet.pdf,10-bar.png,https://mammothlighting.com/products/nova-sun-series-with-emerald-green-red-terp-boost-spectrum?variant=51216270590183
L-0038,Mammoth,Mammoth Lighting,mammoth_lighting,"3 Channel, 8 Bar Nova Sun Series",8-bar-spec,LED,Fixed,Spectrum Dimming: Independently control Veg/Bloom ratios or simulate seasonal and daily sunlight changes,2470,2.6,50,60,120,277,950,5,5,6,6,,,,,,,,,,,,TRUE,0-10v / 1 Knob,44,44,4,35,50000,5,IP65,1000,2026_Spec_Sheet.pdf,8-bar-spec.png,https://mammothlighting.com/products/nova-sun-series-with-emerald-green-red-terp-boost-spectrum?variant=50878700323047
L-0039,Mammoth,Mammoth Lighting,mammoth_lighting,8 Bar Nova Sun Series,8-bar,LED,Fixed,Sunlike CMH Spectrum with Emerald Green & Dual Red Terp Boost,2214,2.7,50,60,120,277,820,5,5,6,6,,,,,,,,,,,,TRUE,0-10v / 1 Knob,44,44,4,35,50000,5,"IP65, DLC",850,2026_Spec_Sheet.pdf,8-bar.png,https://mammothlighting.com/products/nova-sun-series-with-emerald-green-red-terp-boost-spectrum?variant=50878700290279
L-0040,Mammoth,Mammoth Lighting,mammoth_lighting,6 Bar Nova Sun Series,6-bar,LED,Fixed,Sunlike CMH Spectrum with Emerald Green & Dual Red Terp Boost,1944,2.7,50,60,120,277,720,4,4,5,5,,,,,,,,,,,,TRUE,Manual Dimmer + RJ12 port,44,44,4,30,50000,5,"IP65, DLC",700,2026_Spec_Sheet.pdf,6-bar.png,https://mammothlighting.com/products/nova-sun-series-with-emerald-green-red-terp-boost-spectrum
L-0041,Mammoth,Mammoth Lighting,mammoth_lighting,6 Bar Veg + Mom Series,6-bar-veg-mom,LED,Fixed,"Enhanced Blue + Sunlike CMH Spectrum with Emerald Green & Dual Red Terp Boost. Enhanced Blue for more compact growth and deeper green – perfect for clone, veg, moms or equatorial strains",1872,2.6,50,60,120,277,820,4,4,5,5,,,,,,,,,,,,TRUE,0-10v / 1 Knob,44,44,4,30,50000,5,IP65,750,2026_Spec_Sheet.pdf,6-bar-veg-mom.png,https://mammothlighting.com/products/the-new-clone-early-veg-mom-series-mammoth-fold-4-bars-430w-led-grow-light
L-0042,Mammoth,Mammoth Lighting,mammoth_lighting,Greenhouse + Highbay Nova Sun Series,greenhouse-highbay,LED,Fixed,The Nova Sun Series introduces a refined spectrum featuring dual red peaks—640nm and 660nm—rather than the industry-standard single peak.,1877,2.61,50,60,120,277,820,6,5,7,6,,,,,,,,,,,,TRUE,0-10v / 1 Knob,44,5,5,20,50000,5,"IP65, DLC",1000,2026_Spec_Sheet.pdf,greenhouse-highbay.png,https://mammothlighting.com/products/greenhouse-highbay-top-light-led-630w-samsung-lm301b-etl-listed-replace-fluence-vypr
L-0043,Mammoth,Mammoth Lighting,mammoth_lighting,Multi-Use Bars / Undercanopy,multi-use-bar,LED,Fixed,Corrects red/blue-heavy or incomplete spectrums,405,2.7,50,60,120,277,150,2.5,2.5,3,3,,,,,,,,,,,,TRUE,0-10v / 1 Knob + RJ12 in/out ports,40,4,4,5,50000,1,IP65,400,2026_Spec_Sheet.pdf,multi-use-bar.png,https://mammothlighting.com/products/nova-sun-series-multi-use-bars-inter-canopy-side-lighting-under-canopy-overhead
L-0044,Spider Farmer,Spider Farmer,spider_farmer,G3000,g3000,LED,Full,"660-665nm, 730-740nm, 2800-3000k, 4800-5000k",824,2.8,50,60,100,277,300,3,3,2,2,,,,,,,,,,35,95,TRUE,0-10V,23.73,23.01,2.8,11.68,80000,5,,230,G-User-Manual.pdf,g3000.png,https://www.spider-farmer.com/products/spider-farmer-g300w-cost-effective-full-spectrum-led-grow-light
L-0045,Spider Farmer,Spider Farmer,spider_farmer,G1000,g1000,LED,Full,Bridgelux,2940,2.9,50,60,100,277,1000,5,5,4,4,,,,,,,,,,35,95,TRUE,0-10V,44.17,45.39,3.08,23.17,80000,5,,780,G-User-Manual.pdf,g1000.png,https://www.spider-farmer.com/products/spider-farmer-g-1000w-led-grow-light
L-0046,Spider Farmer,Spider Farmer,spider_farmer,G4500,g4500,LED,Full,Bridgelux,913,2.85,50,60,100,277,320,5,3,4,2,,,,,,,,,,35,95,TRUE,0-10V,45.35,14.49,3.03,10.23,80000,5,,270,G-User-Manual.pdf,g4500.png,https://www.spider-farmer.com/products/spider-farmer-g4500-cost-effective-full-spectrum-led-grow-light
L-0047,Spider Farmer,Spider Farmer,spider_farmer,G5000,g5000,LED,Full,Bridgelux,1420,2.85,50,60,100,277,480,4,4,3,3,,,,,,,,,,35,95,TRUE,0-10V,33.63,33.56,3.04,14.59,80000,5,,370,G-User-Manual.pdf,g5000.png,https://www.spider-farmer.com/products/spider-farmer-g5000-led-grow-light
L-0048,Spider Farmer,Spider Farmer,spider_farmer,G8600,g8600,LED,Full,Bridgelux,2283,2.85,50,60,100,277,800,5,5,4,4,,,,,,,,,,35,95,TRUE,0-10V,44.17,45.39,3.27,21.65,80000,5,,570,G-User-Manual.pdf,g8600.png,https://www.spider-farmer.com/products/spider-farmer-g860w-led-grow-light
L-0049,Spider Farmer,Spider Farmer,spider_farmer,SE5000,se5000,LED,Full,Bridgelux,1420,2.9,50,60,100,277,480,4,4,3,3,,,,,,,,,,35,95,TRUE,0-10V,33.6,33.56,3.04,14.59,100000,5,,410,SE-User-Manual.pdf,se5000.png,https://www.spider-farmer.com/products/spider-farmer-upgraded-se5000-full-spectrum-led-grow-light
L-0050,Spider Farmer,Spider Farmer,spider_farmer,SE1000,se1000,LED,Full,Bridgelux,2940,2.9,50,60,100,277,1000,5,5,4,4,,,,,,,,,,35,95,TRUE,0-10V,44.17,45.38,3.08,23.17,100000,5,,820,SE-User-Manual.pdf,se1000.png,https://www.spider-farmer.com/products/spider-farmer-se-1000w-led-grow-light
L-0051,Spider Farmer,Spider Farmer,spider_farmer,SE1500,se1500,LED,Full,Bridgelux,428,2.85,50,60,100,277,150,3,3,2,2,,,,,,,,,,35,95,TRUE,0-10V,16.08,16.05,2.64,5.34,100000,5,,150,SE-User-Manual.pdf,se1500.png,https://www.spider-farmer.com/products/spider-farmer-se1500-150w-led-grow-light-dimmable-for-2x2ft
L-0052,Spider Farmer,Spider Farmer,spider_farmer,SE4500,se4500,LED,Full,Bridgelux,913,2.85,50,60,100,277,320,3,5,4,2,,,,,,,,,,35,95,TRUE,0-10V,45.38,14.51,3.03,10.23,100000,5,,260,SE-User-Manual.pdf,se4500.png,https://www.spider-farmer.com/products/se4500-320w-led-grow-light
L-0053,Spider Farmer,Spider Farmer,spider_farmer,SE7000,se7000,LED,Full,Bridgelux,2146,2.9,50,60,100,277,730,5,5,4,4,,,,,,,,,,35,95,TRUE,0-10V,44.04,45.39,3.04,17.68,100000,5,,550,SE-User-Manual.pdf,se7000.png,https://www.spider-farmer.com/products/spider-farmer-upgraded-se7000-730w-commercial-led-grow-light
L-0054,Spider Farmer,Spider Farmer,spider_farmer,SF1000,sf1000,LED,Full,Bridgelux,249.21,2.5,50,60,100,277,100,3,3,2,2,,,,,,,,,,35,95,TRUE,0-10V,12.8,11.42,2.32,2.78,55000,5,,80,SF-User-Manual.pdf,sf1000.png,https://www.spider-farmer.com/products/sf-1000-led-grow-light
L-0055,Spider Farmer,Spider Farmer,spider_farmer,SF2000,sf2000,LED,Full,Bridgelux,608.5,2.7,50,60,100,277,200,3,3,2,4,,,,,,,,,,35,95,TRUE,0-10V,25.51,10.55,2.32,6.77,55000,5,,180,SF-User-Manual.pdf,sf2000.png,https://www.spider-farmer.com/products/sf-2000-led-grow-light
L-0056,Spider Farmer,Spider Farmer,spider_farmer,SF4000,sf4000,LED,Full,Bridgelux,1171,2.7,50,60,100,277,450,5,5,4,4,,,,,,,,,,35,95,TRUE,0-10V,,,,14.07,55000,5,,340,SF-User-Manual.pdf,sf4000.png,https://www.spider-farmer.com/products/sf-4000-led-grow-light
L-0057,Spider Farmer,Spider Farmer,spider_farmer,SF7000,sf7000,LED,Full,SAMSUNG LM301B,1786,2.8,50,60,100,277,650,6,6,5,5,,,,,,,,,,35,95,TRUE,0-10V,29,21.97,4.07,24.47,55000,5,,570,SF-User-Manual.pdf,sf7000.png,https://www.spider-farmer.com/products/sf7000-foldable-led-grow-light
L-0058,Spider Farmer,Spider Farmer,spider_farmer,SF1000D,sf1000d,LED,Full,Bridgelux,219,2.5,50,60,100,277,100,3,3,2,2,,,,,,,,,,35,95,TRUE,0-10V,12.4,11.02,2.2,4.14,55000,5,,76,SF-User-Manual.pdf,sf1000d.png,https://www.spider-farmer.com/products/sf1000d
L-0059,Spider Farmer,Spider Farmer,spider_farmer,SUPP-UV30,supp-uv30,LED,Full,365-370nm,12.31,,50,60,100,277,15,3,2,3,2,,,,,,,,,,,,FALSE,,23.62,1.31,1.22,,,,,100,SUPP-User-Manual.pdf,supp-uv30.png,https://www.spider-farmer.com/products/uvr3016-uv-infrared-red-supplemental-led-grow-light-bars-set-for-plants
L-0060,Spider Farmer,Spider Farmer,spider_farmer,SUPP-IR16,supp-ir16,LED,Full,730-745nm,33.15,,50,60,100,277,8,3,2,3,2,,,,,,,,,,,,FALSE,,23.62,1.31,1.22,,,,,100,SUPP-User-Manual.pdf,supp-ir16.png,https://www.spider-farmer.com/products/uvr3016-uv-infrared-red-supplemental-led-grow-light-bars-set-for-plants
L-0061,Spider Farmer,Spider Farmer,spider_farmer,SUPP-UV60,supp-uv60,LED,Full,365-370nm,30.92,,50,60,100,277,27,4,2,4,2,,,,,,,,,,,,FALSE,,35.43,1.31,1.22,,,,,130,SUPP-User-Manual.pdf,supp-uv60.png,https://www.spider-farmer.com/products/uv-infrared-red-supplemental-led-grow-light-bars-set-for-plants
L-0062,Spider Farmer,Spider Farmer,spider_farmer,SUPP-IR30,supp-ir30,LED,Full,730-745nm,60.58,,50,60,100,277,15,4,2,4,2,,,,,,,,,,,,FALSE,,35.43,1.31,1.22,,,,,130,SUPP-User-Manual.pdf,supp-ir30.png,https://www.spider-farmer.com/products/uv-infrared-red-supplemental-led-grow-light-bars-set-for-plants
L-0063,Spider Farmer,Spider Farmer,spider_farmer,GlowR80,glowr80,LED,Full,650-665nm,,,50,60,100,277,40,,,,,,,,,,,,,,35,95,FALSE,,38.6,1.77,1.46,2.84,50000,,,110,Glow-User-Manual.pdf,glowr80.png,https://www.spider-farmer.com/products/spider-farmer-glowr80-red-spectrum-supplemental-led-grow-light
L-0064,Spider Farmer,Spider Farmer,spider_farmer,GlowR40,glowr40,LED,Full,650-665nm,,,50,60,100,277,20,,,,,,,,,,,,,,35,95,FALSE,,24.7,1.77,1.46,2.05,50000,,,86,Glow-User-Manual.pdf,glowr40.png,https://www.spider-farmer.com/products/spider-farmer-glowr40-deep-red-spectrum-660nm-supplemental-led-grow-light
L-0065,Spider Farmer,Spider Farmer,spider_farmer,Glow30,glow30,LED,Full,"650-665nm, 3000-3500k, 5000-5500k",,,50,60,100,277,8,,,,,,,,,,,,,,,,FALSE,,13.54,1.77,1.46,1.7,,,,60,Glow-User-Manual.pdf,glow30.png,https://www.spider-farmer.com/products/glow30-full-spectrum-supplemental-led-light-bars
L-0066,Mars Hydro,Mars Hydro,mars_hydro,FC E1500,fc_e1500,LED,Full,BridgeLux,420,2.8,,,100,277,150,2.5,2.5,,,,,,,,,,,,,,TRUE,0-10V,16.4,15.7,2.8,,50000,5,,130,FC-E-User-Manual.pdf,fc_e1500.png,https://www.mars-hydro.com/fc-e1500-led-grow-light-a
L-0067,Mars Hydro,Mars Hydro,mars_hydro,FC E3000,fc_e3000,LED,Full,BridgeLux,840,2.8,,,100,277,300,3,3,,,,,,,,,,,,,,TRUE,0-10V,23.4,21.2,2.4,,50000,5,"ETL,CE,UKCA,RoHS,IP65",220,FC-E-User-Manual.pdf,fc_e3000.png,https://www.mars-hydro.com/fc-e3000-led-grow-light
L-0068,Mars Hydro,Mars Hydro,mars_hydro,FC E6500,fc_e6500,LED,Full,BridgeLux,2044,2.8,,,100,277,730,5,5,,,,,,,,,,,,,,TRUE,0-10V,45.1,44,3.1,,50000,5,"ETL,CE,UKCA,RoHS,IP65",490,FC-E-User-Manual.pdf,fc_e6500.png,https://www.mars-hydro.com/fc-e6500-commercial-led-grow-light
L-0069,Mars Hydro,Mars Hydro,mars_hydro,FC E1000W,fc_e1000w,LED,Full,BridgeLux,2800,2.8,,,100,277,1000,5,5,,,,,,,,,,,,,,TRUE,0-10V,45.1,44,3.8,,50000,5,"ETL,CE,UKCA,RoHS, DLC,IP65",730,FC-E-User-Manual.pdf,fc_e1000w.png,https://www.mars-hydro.com/fc-e1000w-led-grow-light
L-0070,Mars Hydro,Mars Hydro,mars_hydro,FC E4800,fc_e4800,LED,Full,BridgeLux,1344,2.8,,,100,277,480,4,4,,,,,,,,,,,,,,TRUE,0-10V,,,,,50000,5,"ETL,CE,UKCA,RoHS,IP65",370,FC-E-User-Manual.pdf,fc_e4800.png,https://www.mars-hydro.com/fc-e4800-commercial-led-grow-light
L-0071,Mars Hydro,Mars Hydro,mars_hydro,FC E8000,fc_e8000,LED,Full,BridgeLux,2240,2.8,,,100,277,800,5,5,,,,,,,,,,,,,,TRUE,0-10V,45.1,44,3.5,,50000,5,"UKCA,CE,RoHS, ETL, IP65",540,FC-E-User-Manual.pdf,fc_e8000.png,https://www.mars-hydro.com/fc-e8000-co2-commercial-led-grow-light-usa
L-0072,Mars Hydro,Mars Hydro,mars_hydro,FC E1200W,fc_e1200w,LED,Full,BridgeLux,3360,2.8,,,100,277,1200,5,7,,,,,,,,,,,,,,TRUE,0-10V,66.9,45.1,3.8,,50000,5,"ETL,CE,UKCA,RoHS, DLC,IP65",960,FC-E-User-Manual.pdf,fc_e1200w.png,https://www.mars-hydro.com/fc-e1200w-led-grow-light
L-0073,Mars Hydro,Mars Hydro,mars_hydro,FC 1500,fc_1500,LED,Full,BridgeLux,427.5,2.85,,,120,277,150,2.5,2.5,,,,,,,,,,,,,,TRUE,0-10V,15.7,16.4,2.8,,50000,5,"ETL,CE,UKCA,RoHS",150,FC-EVO-User-Manual.pdf,fc_1500.png,https://www.mars-hydro.com/fc-1500-led-grow-light
L-0074,Mars Hydro,Mars Hydro,mars_hydro,SMART FC4000 BRIDGELUX 3030,smart_fc4000_bridgelux_3030,LED,Full,BridgeLux,912,2.85,,,120,277,320,3,5,,,,,,,,,,,,,,TRUE,0-10V,44,14,2.5,,50000,5,"ETL,CE,UKCA,RoHS",270,FC-EVO-User-Manual.pdf,smart_fc4000_bridgelux_3030.png,https://www.mars-hydro.com/smart-fc4000-bridgelux-3030-led-grow-light
L-0075,Mars Hydro,Mars Hydro,mars_hydro,SMART FC6500 BRIDGELUX 3030,smart_fc6500_bridgelux_3030,LED,Full,BridgeLux,2117,2.9,,,120,277,730,5,5,,,,,,,,,,,,,,TRUE,0-10V,46,44,3.1,,50000,5,"ETL,CE,UKCA,RoHS",560,FC-EVO-User-Manual.pdf,smart_fc6500_bridgelux_3030.png,https://www.mars-hydro.com/smart-fc6500-bridgelux-3030-commercial-led-grow-light
L-0076,Mars Hydro,Mars Hydro,mars_hydro,SMART FC1000W BRIDGELUX 3030,smart_fc1000w_bridgelux_3030,LED,Full,BridgeLux,2900,2.9,,,100,277,1000,5,5,,,,,,,,,,,,,,TRUE,0-10V,45,44,3.8,,50000,5,"UKCA,CE,RoHS, ETL",760,FC-EVO-User-Manual.pdf,smart_fc1000w_bridgelux_3030.png,https://www.mars-hydro.com/smart-fc1000w-bridgelux-3030-led-grow-light
L-0077,Mars Hydro,Mars Hydro,mars_hydro,FC 3000 BRIDGELUX 3030,fc_3000_bridgelux_3030,LED,Full,BridgeLux,855,2.85,,,120,277,300,3,3,,,,,,,,,,,,,,TRUE,0-10V,23,21,2.4,,50000,5,"ETL,CE,UKCA,RoHS",250,FC-EVO-User-Manual.pdf,fc_3000_bridgelux_3030.png,https://www.mars-hydro.com/fc-3000-bridgelux-3030-led-grow-light
L-0078,Mars Hydro,Mars Hydro,mars_hydro,SMART FC4800 SAMSUNG LM301H EVO,smart_fc4800_samsung_lm301h_evo,LED,Full,Samsung lm301H EVO,1368,2.85,,,100,277,480,4,4,,,,,,,,,,,,,,TRUE,0-10V,33,33,3.1,,50000,5,"ETL,CE,UKCA,RoHS",440,FC-EVO-User-Manual.pdf,smart_fc4800_samsung_lm301h_evo.png,https://www.mars-hydro.com/smart-fc4800-samsung-lm301h-evo-led-grow-light
L-0079,Mars Hydro,Mars Hydro,mars_hydro,SMART FC8000 BRIDGELUX 3030,smart_fc8000_bridgelux_3030,LED,Full,Bridgelux 3030,2320,2.9,,,100,277,800,5,5,,,,,,,,,,,,,,TRUE,0-10V,44,45,3.5,,50000,5,"ETL,CE,UKCA,RoHS",600,FC-EVO-User-Manual.pdf,smart_fc8000_bridgelux_3030.png,https://www.mars-hydro.com/smart-fc8000-bridgelux-3030-commercial-led-grow-light
L-0080,Mars Hydro,Mars Hydro,mars_hydro,SMART FC1200W SAMSUNG LM301H EVO,smart_fc1200w_samsung_lm301h_evo,LED,Full,Samsung Lm301H EVO,3451,2.9,,,100,277,1200,5,7,,,,,,,,,,,,,,TRUE,0-10V,66,45,3.8,,50000,5,"UKCA,CE,RoHS, ETL",1020,FC-EVO-User-Manual.pdf,smart_fc1200w_samsung_lm301h_evo.png,https://www.mars-hydro.com/smart-fc1200w-samsung-lm301h-evo-led-grow-light
L-0081,Mars Hydro,Mars Hydro,mars_hydro,TSW 2000,tsw_2000,LED,Full,BridgeLux,776,2.6,,,100,277,300,4,4,,,,,,,,,,,,,,TRUE,0-10V,22,20,2.7,,50000,5,"UKCA,CE,RoHS, ETL",210,TS-User-Manual.pdf,tsw_2000.png,https://www.mars-hydro.com/tsw-2000-led-grow-light
L-0082,Mars Hydro,Mars Hydro,mars_hydro,TS 1000,ts_1000,LED,Full,BridgeLux,343,2.3,,,100,277,150,2.5,2.5,,,,,,,,,,,,,,TRUE,0-10V,15.98,12.83,1.9,,50000,5,"UKCA,CE,RoHS, ETL",110,TS-User-Manual.pdf,ts_1000.png,https://www.mars-hydro.com/ts-1000-led-grow-light
L-0083,Mars Hydro,Mars Hydro,mars_hydro,TS 3000,ts_3000,LED,Full,BridgeLux,1210,2.7,,,100,277,420,5,5,,,,,,,,,,,,,,TRUE,0-10V,25,23,2.7,,50000,5,"UKCA,CE,RoHS, ETL",300,TS-User-Manual.pdf,ts_3000.png,https://www.mars-hydro.com/ts-3000-led-grow-light
L-0084,Mars Hydro,Mars Hydro,mars_hydro,TS 600,ts_600,LED,Full,BridgeLux,190,2,,,110,130,100,2,2,,,,,,,,,,,,,,TRUE,0-10V,14,12.2,1.4,,50000,5,"UKCA,CE,RoHS, ETL",80,TS-User-Manual.pdf,ts_600.png,https://www.mars-hydro.com/ts-600-led-grow-light
L-0085,Mars Hydro,Mars Hydro,mars_hydro,TSL 2000,tsl_2000,LED,Full,BridgeLux,778,2.6,,,100,277,300,3,5,,,,,,,,,,,,,,TRUE,0-10V,40,10,2.5,,50000,5,"UKCA,CE,RoHS, ETL",210,TS-User-Manual.pdf,tsl_2000.png,https://www.mars-hydro.com/tsl-2000-led-grow-light
L-0086,Mars Hydro,Mars Hydro,mars_hydro,VG40,vg40,LED,Full,LED,77.78,,,,100,277,20,2,2,,,,,,,,,,,,,,TRUE,0-10V,600,50,31,,50000,2,"ETL,CE,UKCA,RoHS, DLC,IP65",80,VG-User-Manual.pdf,vg40.png,https://www.mars-hydro.com/vg40-led-grow-light
L-0087,Mars Hydro,Mars Hydro,mars_hydro,VG80 80W VEGETABLE,vg80_80w_vegetable,LED,Full,LED,155,1.98,,,100,277,80,2,4,,,,,,,,,,,,,,TRUE,0-10V,1150,50,31,,50000,2,"ETL,CE,UKCA,RoHS, DLC,IP65",100,VG-User-Manual.pdf,vg80_80w_vegetable.png,https://www.mars-hydro.com/vg80-80w-vegetable-led-grow-light
L-0088,California Lightworks,California Lightworks,california_lightworks,MegaDrive® Linear,megadrive_linear,LED,Full,LED,1044,3.93,,,,,400,,,,,,,,,,,,,Passive,40,107,TRUE,0-100%,30.5,3.1,5.4,10,100000,5,"UL 8750, CAN/CSA-C22.2 No.250.13",,MegaDrive-Linear-User-Manual.pdf,megadrive_linear.png,https://californialightworks.com/megadrive
L-0089,California Lightworks,California Lightworks,california_lightworks,MegaDrive® Vertical,megadrive_vertical,LED,Full,LED,2470,3.93,,,,,800,,,,,,,,,,,,,Passive,,,TRUE,0-100%,46.5,45,1.25,20,100000,5,3.93 µMoles/J,,Vertical-Series-Spec-Sheet.pdf,megadrive_vertical.png,https://californialightworks.com/megadrive
L-0090,California Lightworks,California Lightworks,california_lightworks,MegaDrive® UnderCanopy,megadrive_undercanopy,LED,Full,LED,387,3.2,,,,,120,,,,,,,,,,,,,Passive,40,107,TRUE,0-100%,52,2.4,2.8,2.9,100000,5,"UL 8750, CAN/CSA-C22.2 No. 250.13",,Under-Canopy-Spec-Sheet.pdf,megadrive_undercanopy.png,https://californialightworks.com/megadrive
L-0091,California Lightworks,California Lightworks,california_lightworks,SolarSystem® 1100,solarsystem_1100,LED,Full,LED,2010,2.51,50,60,90,277,800,5,5,8,8,,,,,,,,,,,,TRUE,3 Channel 0% - 100%,18,18,4,26,50000,5,UL & CE,1625,,solarsystem_1100.png,https://californialightworks.com/solarsystem
L-0092,California Lightworks,California Lightworks,california_lightworks,SolarSystem® 550,solarsystem_550,LED,Full,LED,1005,2.51,50,60,90,277,400,4,4,6,6,,,,,,,,,,,,TRUE,3 Channel 0% - 100%,18,8.5,4,13,50000,5,UL & CE,710,,solarsystem_550.png,https://californialightworks.com/solarsystem
L-0093,California Lightworks,California Lightworks,california_lightworks,SolarSystem® 275,solarsystem_275,LED,Full,LED,530,2.51,50,60,90,277,200,3,3,5,5,,,,,,,,,,,,TRUE,2 Channel 0% - 100%,8.5,8.5,4,7,50000,5,UL & CE,450,,solarsystem_275.png,https://californialightworks.com/solarsystem
L-0094,California Lightworks,California Lightworks,california_lightworks,SolarSystem® 1100 UVB,solarsystem_1100_uvb,LED,Full,LED,2010,2.51,50,60,90,277,800,5,5,8,8,,,,,,,,,,,,FALSE,,18,18,4,26,,5,UL & CE,1425,,solarsystem_1100_uvb.png,https://californialightworks.com/solarsystem
L-0095,California Lightworks,California Lightworks,california_lightworks,SolarXtreme® 640,solarxtreme_640,LED,Full,LED,1792,2.8,,,,,,4,4,4,4,,,,,,,,,,,,FALSE,,,,,,,,,640,,solarxtreme_640.png,https://californialightworks.com/solarxtreme
L-0096,California Lightworks,California Lightworks,california_lightworks,SolarXtreme® 820,solarxtreme_820,LED,Full,LED,2170,2.8,,,,,,5,5,5,5,,,,,,,,,,,,FALSE,,,,,,,,,740,,solarxtreme_820.png,https://californialightworks.com/solarxtreme
L-0097,Photontek,Photontek Lighting,photontek_lighting,X 1000W Pro LED,x_1000w_pro_led,LED,Full,LED Higher Spec Osram and Lumileds Diodes,2925,2.9,50,60,120,277,1025,5.5,4,6.5,5,,,,,,,,,,,,TRUE,OFF-25%-50%-75%-100% with 0-10V Light Dimmer (Included),66.92,48,1.9,38.58,60000,5,IP65,1200,x-1000w-pro-led.pdf,x-1000w-pro-led.png,https://photontek-lighting.com/led/x-1000w-pro-led/
L-0098,Photontek,Photontek Lighting,photontek_lighting,Xt 1000W Co2 LED,xt_1000w_co2_led,LED,Full,LED Higher Spec Osram and Lumileds Philips Diodes,2925,2.9,50,60,120,277,1025,5,5,6,6,,,,,,,,,,,,TRUE,OFF-25%-50%-75%-100% with 0-10V Light Dimmer (Included),46.5,42.95,4.16,39.68,60000,5,IP65,1100,xt-1000w-co2-led.pdf,xt-1000w-co2-led.png,https://photontek-lighting.com/led/xt-1000w-co2-led/
L-0099,Photontek,Photontek Lighting,photontek_lighting,X600W Pro LED 3.1,x600w_pro_led_31,LED,Full,LED Full Spectrum,1990,3.1,50,60,120,277,640,4,4,5,5,,,,,,,,,,,,TRUE,OFF-25%-50%-75%-100% with 0-10V Light Dimmer (Included),46.5,42.9,3.2,29.8,60000,5,IP66,750,x600w-pro-led-31.pdf,x600w-pro-led-31.png,https://photontek-lighting.com/led/x600w-pro-led-31/
L-0100,Photontek,Photontek Lighting,photontek_lighting,X600W Pro 2.9,x600w_pro_29,LED,Full,LED Higher Spec Osram and LUMILEDS Diodes,1770,2.9,50,60,120,277,615,4,4,5,5,,,,,,,,,,,,TRUE,OFF-25%-50%-75%-100% with 0-10V Light Dimmer (Included),42.95,46.55,2.04,29.76,60000,5,IP65,700,x600w-pro-29.pdf,x600w-pro-29.png,https://photontek-lighting.com/led/x600w-pro-29/
L-0101,Photontek,Photontek Lighting,photontek_lighting,X 600W Pro LED,x_600w_pro_led,LED,Full,LED Osram & Lumileds Diodes,1620,2.7,50,60,120,277,600,4,4,5,5,,,,,,,,,,,,TRUE,OFF-25%-50%-75%-100% with 0-10V Light Dimmer (Included),42.95,46.55,2.04,29.76,60000,5,IP65,550,x-600w-pro-led.pdf,x-600w-pro-led.png,https://photontek-lighting.com/led/x-600w-pro-led/
L-0102,Photontek,Photontek Lighting,photontek_lighting,X 465W Pro LED,x_465w_pro_led,LED,Full,LED Osram & Lumileds Diodes,1256,2.7,50,60,120,270,465,4,4,5,5,,,,,,,,,,,,TRUE,OFF-25%-50%-75%-100% with 0-10V Light Dimmer (Included),39.29,35.43,2.92,24.25,60000,5,IP65,460,x-465w-pro-led.pdf,x-465w-pro-led.png,https://photontek-lighting.com/led/x-465w-pro-led/
L-0103,Photontek,Photontek Lighting,photontek_lighting,Sq200W Pro,sq200w_pro,LED,Full,"LED Higher Spec White, Red & Far Red Diodes",508,2.5,50,60,120,277,205,2.6,2.6,,,,,,,,,,,,,,TRUE,OFF-25%-50%-75%-100% with 0-10V Light Dimmer (Included),20.65,20.65,2.82,8.82,60000,3,IP65,300,sq200w-pro.pdf,sq200w-pro.png,https://photontek-lighting.com/led/sq200w-pro/
L-0104,Photontek,Photontek Lighting,photontek_lighting,Sq300W Pro,sq300w_pro,LED,Full,"LED Higher Spec White, Red & Far Red Diodes",816,2.7,50,60,120,277,310,3.3,3.3,,,,,,,,,,,,,,TRUE,OFF-25%-50%-75%-100% with 0-10V Light Dimmer (Included),22.8,22.8,2.82,11.46,60000,3,IP65,320,sq300w-pro.pdf,sq300w-pro.png,https://photontek-lighting.com/led/sq300w-pro/
L-0105,Photontek,Photontek Lighting,photontek_lighting,Vf 90W,vf_90w,LED,Full,LED High Spec White & Warm White Diodes,244,2.4,50,60,120,277,103,,,,,,,,,,,,,Passive,,,TRUE,OFF-25-50-75-100% with Knob on the main 650 W driver (Sold Separately),47.5,20.5,0.8,3.74,60000,3,"CSA, FCC and IC",210,vf-90w.pdf,vf-90w.png,https://photontek-lighting.com/led/vf-90w/
L-0106,Photontek,Photontek Lighting,photontek_lighting,Vf 120W,vf_120w,LED,Full,LED High Spec White & Warm White Diodes,308,2.4,50,60,120,277,130,,,,,,,,,,,,,Passive,,,TRUE,OFF-25-50-75-100% with Knob on the main 650 W driver (Sold Separately),47.5,20.5,0.8,4.62,60000,3,"CSA, FCC and IC",240,vf-120w.pdf,vf-120w.png,https://photontek-lighting.com/led/vf-120w/
L-0107,Photontek,Photontek Lighting,photontek_lighting,100W Supplemental LED,100w_supplemental_led,LED,Full,LED Higher Spec Osram & Lumileds Diodes,295,2.9,50,60,120,277,100,,,,,,,,,,,,,,,,TRUE,OFF-25-50-75-100% with 0-10V Light Dimmer (Sold Separately),45.2,0.8,2,2.4,60000,5,IP65,205,100w-supplemental-led.pdf,100w-supplemental-led.png,https://photontek-lighting.com/100w-supplemental-led/
L-0108,Photontek,Photontek Lighting,photontek_lighting,30W UV Supplemental LED Bar,30w_uv_supplemental_led_bar,LED,UV,LED UV-B and UV-A Diodes,,,50,60,120,277,30,,,,,,,,,,,,,,,,FALSE,,39.4,1.9,1.7,2.65,8500,5,IP65,205,30w-uv-supplemental-led-bar.pdf,30w-uv-supplemental-led-bar.png,https://photontek-lighting.com/30w-uv-supplemental-led-bar/
L-0109,Photontek,Photontek Lighting,photontek_lighting,50W Far Red LED Bar,50w_far_red_led_bar,LED,Full,LED FAR-RED LED DIODES,155,3.1,50,60,120,277,50,,,,,,,,,,,,,Passive Heat Sink,40,104,FALSE,,39.4,1.9,1.7,2.7,45000,5,IP65,170,50w-far-red-led-bar.pdf,50w-far-red-led-bar.png,https://photontek-lighting.com/50w-far-red-led-bar/
L-0110,Photontek,Photontek Lighting,photontek_lighting,I850W Top Light Full Spectrum LED 400V,i850w_top_light_full_spectrum_led_400v,LED,Full,LED Higher Spec Osram and Seoul Semiconductor,2250,2.6,50,60,208,400,860,,,,,,,,,,,,,Passive,,,TRUE,20%-100%,28.7,12.8,4.4,29,50000,3,"CSA, FCC and IC",,i850w-top-light-full-spectrum-led-400v.pdf,i850w-top-light-full-spectrum-led-400v.png,https://photontek-lighting.com/led/i850w-top-light-full-spectrum-led-400v/
L-0111,Photontek,Photontek Lighting,photontek_lighting,1050W Gh Top Light LED Red Blue,1050w_gh_top_light_led_red_blue,LED,Full,LED Higher Spec Osram,3600,3.4,50,60,208,400,1061,,,,,,,,,,,,,Passive,,,TRUE,20%-100%,28.7,12.8,4.4,29,50000,3,"CSA, FCC and IC",,1050w-gh-top-light-led-red-blue.pdf,1050w-gh-top-light-led-red-blue.png,https://photontek-lighting.com/led/1050w-gh-top-light-led-red-blue/
L-0112,Photontek,Photontek Lighting,photontek_lighting,680W Gh Top Light LED Red Blue,680w_gh_top_light_led_red_blue,LED,Full,LED Osram & Seoul Z Power,2285,3.4,50,60,277,440,680,,,,,,,,,,,,,Passive,,,TRUE,Yes : With Photontek or any Universal Controllers 0-10 V,25.7,10,4.6,19.4,50000,3,"CSA, FCC and IC",,680w-gh-top-light-led-red-blue.pdf,680w-gh-top-light-led-red-blue.png,https://photontek-lighting.com/led/680w-gh-top-light-led-red-blue/
L-0113,Photontek,Photontek Lighting,photontek_lighting,680W Gh Top Light LED White Red,680w_gh_top_light_led_white_red,LED,Full,LED Higher Spec Osram and Seoul diodes,1805,2.7,50,60,277,440,680,,,,,,,,,,,,,Passive,,,TRUE,Yes : With Photontek or any Universal Controllers 0-10 V,25.7,10,4.6,19.4,50000,3,"CSA, FCC and IC",,680w-gh-top-light-led-white-red.pdf,680w-gh-top-light-led-white-red.png,https://photontek-lighting.com/led/680w-gh-top-light-led-white-red/
L-0114,Vivosun,Vivosun,vivosun,AeroLight SE 150W,aerolight_se_150w,LED,Full,LED Full Spectrum,,2.75,50,60,120,240,150,2.7,2.7,,,,,,,,,,,,,,TRUE,Manual Mode/Grow Hub: 25%/50%/75%/100%/OFF | Vivosun APP: 25%-100%/OFF,13,13,2.1,5.7,50000,,IP65,150,aerolight_se_150w.pdf,aerolight_se_150w.png,https://vivosun.com/vivosun-smart-grow-system-aerolight-a150se-compatible-with-growhub-e25-controller-p142504424325359396-v142527788947495335
L-0115,Vivosun,Vivosun,vivosun,AeroLight SE 200W,aerolight_se_200w,LED,Full,LED Full Spectrum,,2.75,50,60,120,240,200,2,4,,,,,,,,,,,,,,TRUE,Manual Mode/Grow Hub: 25%/50%/75%/100%/OFF | Vivosun APP: 25%-100%/OFF,26,13,2.3,6.9,50000,,IP65,190,aerolight_se_200w.pdf,aerolight_se_200w.png,https://vivosun.com/vivosun-smart-grow-system-aerolight-a200se-compatible-with-growhub-e25-controller-p142504424325359396-v142527788947495192
L-0116,Vivosun,Vivosun,vivosun,LumaLight 100W,lumalight_100w,LED,Full,LED Full Spectrum,,,50,60,120,240,100,2,2,,,,,,,,,,,,,,TRUE,Manual Mode/Grow Hub: 25%/50%/75%/100%/OFF | Vivosun APP: 25%-100%/OFF,12,12,4,4.4,36000,,IP65,90,lumalight_100w.pdf,lumalight_100w.png,https://vivosun.com/vivosun-lumalight-led-grow-light-100w-p164284961561524491-v164284961561524490
L-0117,Vivosun,Vivosun,vivosun,LumaLight 150W,lumalight_150w,LED,Full,LED Full Spectrum,,,50,60,120,240,150,2.7,2.7,,,,,,,,,,,,,,TRUE,Manual Mode/Grow Hub: 25%/50%/75%/100%/OFF | Vivosun APP: 25%-100%/OFF,14,14,2.4,6.2,36000,,IP65,130,lumalight_150w.pdf,lumalight_150w.png,https://vivosun.com/vivosun-lumalight-led-grow-light-150w-p164284961561524491-v164284961561524837
L-0118,Vivosun,Vivosun,vivosun,LumaLight 200W,lumalight_200w,LED,Full,LED Full Spectrum,,,50,60,120,240,200,2,4,,,,,,,,,,,,,,TRUE,Manual Mode/Grow Hub: 25%/50%/75%/100%/OFF | Vivosun APP: 25%-100%/OFF,23.9,11.8,2.6,7.5,36000,,IP65,170,lumalight_200w.pdf,lumalight_200w.png,https://vivosun.com/vivosun-lumalight-led-grow-light-200w-p164284961561524491-v164284961561524540
L-0119,Vivosun,Vivosun,vivosun,LumaLight 320W,lumalight_320w,LED,Full,LED Full Spectrum,,,50,60,120,240,320,3,3,,,,,,,,,,,,,,TRUE,Manual Mode/Grow Hub: 25%/50%/75%/100%/OFF | Vivosun APP: 25%-100%/OFF,25.6,25.6,2.9,9.7,36000,,IP65,240,lumalight_320w.pdf,lumalight_320w.png,https://vivosun.com/vivosun-lumalight-next-gen-grow-light-p167832315716722806-v167832315716722795
L-0120,Vivosun,Vivosun,vivosun,LumaLight 400W,lumalight_400w,LED,Full,LED Full Spectrum,,,50,60,120,240,400,4,4,,,,,,,,,,,,,,TRUE,Manual Mode/Grow Hub: 25%/50%/75%/100%/OFF | Vivosun APP: 25%-100%/OFF,23.9,23.6,2.6,13.8,36000,,IP65,300,lumalight_400w.pdf,lumalight_400w.png,https://vivosun.com/vivosun-lumalight-led-grow-light-400w-p164284961561524491-v164284961561524706
L-0121,Vivosun,Vivosun,vivosun,LumaLight 500W,lumalight_500w,LED,Full,LED Full Spectrum,,,50,60,120,240,500,4,4,,,,,,,,,,,,,,TRUE,Manual Mode/Grow Hub: 25%/50%/75%/100%/OFF | Vivosun APP: 25%-100%/OFF,33.5,33.5,2.9,14.2,36000,,IP65,360,lumalight_500w.pdf,lumalight_500w.png,https://vivosun.com/vivosun-lumalight-next-gen-grow-light-p167832315716722806-v167832315716722826
L-0122,Vivosun,Vivosun,vivosun,LumaLight 750W,lumalight_750w,LED,Full,LED Full Spectrum,,,50,60,120,240,750,5,5,,,,,,,,,,,,,,TRUE,Manual Mode/Grow Hub: 25%/50%/75%/100%/OFF | Vivosun APP: 25%-100%/OFF,43.3,43.3,2.9,18.7,36000,,IP65,450,lumalight_750w.pdf,lumalight_750w.png,https://vivosun.com/vivosun-lumalight-next-gen-grow-light-p167832315716722806-v167832315716722834
L-0123,Vivosun,Vivosun,vivosun,AeroLight 200W,aerolight_200w,LED,Tunable,LED Tunable Spectrum,,2.75,50,60,120,240,200,2,4,,,,,,,,,,,,,,TRUE,Manual Mode/Grow Hub: 25%/50%/75%/100%/OFF | Vivosun APP: 25%-100%/OFF,26,13,2.1,8.7,50000,,IP65,210,aerolight_200w.pdf,aerolight_200w.png,https://vivosun.com/vivosun-aerolight-wing-aw200-200w-grow-light-p148044752019230220-v148044752019230219
L-0124,Vivosun,Vivosun,vivosun,LumaRay Side Light 4 Bar,lumaray_side_light_4_bar,LED,Full,LED Full Spectrum,,2.75,50,60,120,240,50,,,,,,,,,,,,,,,,TRUE,Manual Mode/Grow Hub: 25%/50%/75%/100%/OFF | Vivosun APP: 25%-100%/OFF,16.3,1,0.5,2.36,25000,,IP54,90,lumaray_side_light_4_bar.pdf,lumaray_side_light_4_bar.png,https://vivosun.com/lumaray-supplemental-grow-lights-4-pack-p157580244339020637-v157580244339020636
L-0125,Vivosun,Vivosun,vivosun,LumaRay Under Canopy 100W,lumaray_under_canopy_100w,LED,Full,LED Full Spectrum,,2.38,50,60,120,240,100,,,,,,,,,,,,,,,,TRUE,Manual Mode/Grow Hub: 25%/50%/75%/100%/OFF | Vivosun APP: 25%-100%/OFF,39.4,2.5,2.8,3.8,25000,,IP54,110,lumaray_under_canopy_100w.pdf,lumaray_under_canopy_100w.png,https://vivosun.com/lumaray-under-canopy-lights-p164284961561524227-v164284961561524270
L-0126,Vivosun,Vivosun,vivosun,AeroLight 120W,aerolight_120w,LED,Tunable,LED Tunable Spectrum,,3,50,60,120,240,120,2,2,,,,,,,,,,,,,,TRUE,Manual Mode/Grow Hub: 25%/50%/75%/100%/OFF | Vivosun APP: 25%-100%/OFF,12.9,12.9,2.1,3.9,50000,,IP65,120,aerolight_120w.pdf,aerolight_120w.png,https://vivosun.com/vivosun-aerolight-120W-p169014979523194244-v169014979523194243
L-0127,Vivosun,Vivosun,vivosun,AeroLight 180W,aerolight_180w,LED,Tunable,LED Tunable Spectrum,,2.9,50,60,120,240,180,2.7,2.7,,,,,,,,,,,,,,TRUE,Manual Mode/Grow Hub: 25%/50%/75%/100%/OFF | Vivosun APP: 25%-100%/OFF,12.9,12.9,2.1,5,50000,,IP65,160,aerolight_180w.pdf,aerolight_180w.png,https://vivosun.com/vivosun-aerolight-180W-p169014979523194244-v169014979523194347
L-0128,Vivosun,Vivosun,vivosun,AeroLight 240W,aerolight_240w,LED,Tunable,LED Tunable Spectrum,,2.95,50,60,120,240,240,4,2,,,,,,,,,,,,,,TRUE,Manual Mode/Grow Hub: 25%/50%/75%/100%/OFF | Vivosun APP: 25%-100%/OFF,25.9,12.9,2.1,7.3,50000,,IP65,210,aerolight_240w.pdf,aerolight_240w.png,https://vivosun.com/vivosun-aerolight-240W-p169014979523194244-v169014979523194351
L-0129,Vivosun,Vivosun,vivosun,AeroLight 320W,aerolight_320w,LED,Tunable,LED Tunable Spectrum,,2.96,50,60,120,240,320,4,2,,,,,,,,,,,,,,TRUE,Manual Mode/Grow Hub: 25%/50%/75%/100%/OFF | Vivosun APP: 25%-100%/OFF,37.4,19.7,1.7,14.3,50000,,IP65,310,aerolight_320w.pdf,aerolight_320w.png,https://vivosun.com/vivosun-aerolight-bar-320W-p169014979523194244-v169014979523194355
L-0130,Vivosun,Vivosun,vivosun,AeroLight 350W,aerolight_350w,LED,Tunable,LED Tunable Spectrum,,2.95,50,60,120,240,350,3,3,,,,,,,,,,,,,,TRUE,Manual Mode/Grow Hub: 25%/50%/75%/100%/OFF | Vivosun APP: 25%-100%/OFF,27.6,27.6,1.7,12.5,50000,,IP65,330,aerolight_350w.pdf,aerolight_350w.png,https://vivosun.com/vivosun-aerolight-bar-350W-p169014979523194244-v169014979523194373
L-0131,Vivosun,Vivosun,vivosun,AeroLight 550W,aerolight_550w,LED,Tunable,LED Tunable Spectrum,,2.96,50,60,120,240,550,4,4,,,,,,,,,,,,,,TRUE,Manual Mode/Grow Hub: 25%/50%/75%/100%/OFF | Vivosun APP: 25%-100%/OFF,37.4,37.4,2.2,26,50000,,IP65,530,aerolight_550w.pdf,aerolight_550w.png,https://vivosun.com/vivosun-aerolight-bar-550W-p169014979523194244-v169014979523194379
L-0132,Vivosun,Vivosun,vivosun,AeroLight 850W,aerolight_850w,LED,Tunable,LED Tunable Spectrum,,3,50,60,120,240,850,5,5,,,,,,,,,,,,,,TRUE,Manual Mode/Grow Hub: 25%/50%/75%/100%/OFF | Vivosun APP: 25%-100%/OFF,43.3,43.3,2.2,33.8,50000,,IP65,700,aerolight_850w.pdf,aerolight_850w.png,https://vivosun.com/vivosun-aerolight-bar-850W-p169014979523194244-v169014979523194383
